City,Province,Year,Make,Model,Price,Mileage,URL
Sussex,NB,2016,Honda,Civic,16777,136000,facebook.com/marketplace/item/834601531421503/?ref=search&referral_code=null&referral_story_type=post&__tn__=!%3AD
Shediac,NB,2017,Honda,Civic,24000,138000,facebook.com/marketplace/item/192129936942166/?ref=search&referral_code=null&referral_story_type=post&__tn__=!%3AD
Balmoral,NB,2018,Honda,Civic,13900,175000,facebook.com/marketplace/item/294296019846936/?ref=search&referral_code=null&referral_story_type=post&__tn__=!%3AD
Halifax,NS,2008,Honda,Civic,8475,176000,facebook.com/marketplace/item/980612973081374/?ref=search&referral_code=null&referral_story_type=post&__tn__=!%3AD
Charlottetown,PE,2016,Honda,Civic,16995,175000,facebook.com/marketplace/item/565499695587166/?ref=search&referral_code=null&referral_story_type=post&__tn__=!%3AD
Sherbrooke,QC,2004,Honda,Civic,2500,144000,facebook.com/marketplace/item/578241541178691/?ref=search&referral_code=null&referral_story_type=post&__tn__=!%3AD
Quebec,QC,2003,Honda,Civic,2000,200000,facebook.com/marketplace/item/3171320843177672/?ref=search&referral_code=null&referral_story_type=post&__tn__=!%3AD
Moncton,NB,2012,Honda,Civic,12499,102000,facebook.com/marketplace/item/102142202961419/?ref=search&referral_code=null&referral_story_type=post&__tn__=!%3AD
Amherst,NS,2012,Honda,Civic,8800,183000,facebook.com/marketplace/item/649520733903172/?ref=search&referral_code=null&referral_story_type=post&__tn__=!%3AD
Charlottetown,PE,2008,Honda,Civic,6800,175000,facebook.com/marketplace/item/318765613909783/?ref=search&referral_code=null&referral_story_type=post&__tn__=!%3AD
Saint John,NB,2015,Honda,Civic,17650,114000,facebook.com/marketplace/item/588410313496781/?ref=search&referral_code=null&referral_story_type=post&__tn__=!%3AD
Quebec,QC,2009,Honda,Civic,5250,183000,facebook.com/marketplace/item/147389378340403/?ref=search&referral_code=null&referral_story_type=post&__tn__=!%3AD
Saint John,NB,2012,Honda,Civic,12499,101000,facebook.com/marketplace/item/995952164865567/?ref=search&referral_code=null&referral_story_type=post&__tn__=!%3AD
Halifax,NS,2010,Honda,Civic,6990,197000,facebook.com/marketplace/item/1475916109821523/?ref=search&referral_code=null&referral_story_type=post&__tn__=!%3AD
Sept-Iles,QC,2013,Honda,Civic,10988,125000,facebook.com/marketplace/item/262627236476856/?ref=search&referral_code=null&referral_story_type=post&__tn__=!%3AD
Halifax,NS,2018,Honda,Civic,24877,75000,facebook.com/marketplace/item/935384377561619/?ref=search&referral_code=null&referral_story_type=post&__tn__=!%3AD
Baie-Comeau,QC,2009,Honda,Civic,3000,195000,facebook.com/marketplace/item/801747144817086/?ref=search&referral_code=null&referral_story_type=post&__tn__=!%3AD
Queens,PE,2020,Honda,Civic,29988,77000,facebook.com/marketplace/item/825488139189972/?ref=search&referral_code=null&referral_story_type=post&__tn__=!%3AD
Ste-Marie,QC,2020,Honda,Civic,25995,77000,facebook.com/marketplace/item/979414636626076/?ref=search&referral_code=null&referral_story_type=post&__tn__=!%3AD
Sherbrooke,QC,2015,Honda,Civic,14900,163000,facebook.com/marketplace/item/976821823552096/?ref=search&referral_code=null&referral_story_type=post&__tn__=!%3AD
Levis,QC,2019,Honda,Civic,22437,59000,facebook.com/marketplace/item/238694842419937/?ref=search&referral_code=null&referral_story_type=post&__tn__=!%3AD
Dollard-des Ormeaux,QC,2009,Honda,Civic,3800,180000,facebook.com/marketplace/item/3434800386786067/?ref=search&referral_code=null&referral_story_type=post&__tn__=!%3AD
Montreal,QC,2008,Honda,Civic,6500,130000,facebook.com/marketplace/item/298120665954556/?ref=search&referral_code=null&referral_story_type=post&__tn__=!%3AD
Montreal,QC,2010,Honda,Civic,7400,147000,facebook.com/marketplace/item/211181461539787/?ref=search&referral_code=null&referral_story_type=post&__tn__=!%3AD
Terrebonne,QC,2008,Honda,Civic,4450,167000,facebook.com/marketplace/item/882783393233328/?ref=search&referral_code=null&referral_story_type=post&__tn__=!%3AD
Montreal,QC,2016,Honda,Civic,17000,86000,facebook.com/marketplace/item/1130256331266066/?ref=search&referral_code=null&referral_story_type=post&__tn__=!%3AD
Montreal,QC,2015,Honda,Civic,15000,100000,facebook.com/marketplace/item/147799331674781/?ref=search&referral_code=null&referral_story_type=post&__tn__=!%3AD
Laval,QC,2011,Honda,Civic,6900,150000,facebook.com/marketplace/item/209357755424940/?ref=search&referral_code=null&referral_story_type=post&__tn__=!%3AD
Laval,QC,2014,Honda,Civic,15000,108000,facebook.com/marketplace/item/194664846912579/?ref=search&referral_code=null&referral_story_type=post&__tn__=!%3AD
Blainville,QC,2014,Honda,Civic,12800,160000,facebook.com/marketplace/item/248525394704641/?ref=search&referral_code=null&referral_story_type=post&__tn__=!%3AD
Montreal,QC,2002,Honda,Civic,2800,169000,facebook.com/marketplace/item/247816744696751/?ref=search&referral_code=null&referral_story_type=post&__tn__=!%3AD
Laval,QC,2014,Honda,Civic,12990,169000,facebook.com/marketplace/item/666636324944576/?ref=search&referral_code=null&referral_story_type=post&__tn__=!%3AD
St-Eustache,QC,2009,Honda,Civic,6995,156000,facebook.com/marketplace/item/809629523883710/?ref=search&referral_code=null&referral_story_type=post&__tn__=!%3AD
Laval,QC,2009,Honda,Civic,6700,174000,facebook.com/marketplace/item/1285434088754586/?ref=search&referral_code=null&referral_story_type=post&__tn__=!%3AD
Montreal,QC,2015,Honda,Civic,13500,137000,facebook.com/marketplace/item/226679103667146/?ref=search&referral_code=null&referral_story_type=post&__tn__=!%3AD
Montreal,QC,2017,Honda,Civic,16500,157000,facebook.com/marketplace/item/243255268562401/?ref=search&referral_code=null&referral_story_type=post&__tn__=!%3AD
Montreal,QC,2008,Honda,Civic,5300,171000,facebook.com/marketplace/item/805551947820416/?ref=search&referral_code=null&referral_story_type=post&__tn__=!%3AD
Montreal,QC,2017,Honda,Civic,14900,57000,facebook.com/marketplace/item/929577811479492/?ref=search&referral_code=null&referral_story_type=post&__tn__=!%3AD
Montreal,QC,2009,Honda,Civic,7450,115000,facebook.com/marketplace/item/738964434704718/?ref=search&referral_code=null&referral_story_type=post&__tn__=!%3AD
Laval,QC,2007,Honda,Civic,4200,178000,facebook.com/marketplace/item/1082774339360171/?ref=search&referral_code=null&referral_story_type=post&__tn__=!%3AD
Dorval,QC,2015,Honda,Civic,16495,93000,facebook.com/marketplace/item/661699769185664/?ref=search&referral_code=null&referral_story_type=post&__tn__=!%3AD
Longueuil,QC,2017,Honda,Civic,21000,132000,facebook.com/marketplace/item/141617468962550/?ref=search&referral_code=null&referral_story_type=post&__tn__=!%3AD
Brossard,QC,2000,Honda,Civic,5000,164000,facebook.com/marketplace/item/3543562105890364/?ref=search&referral_code=null&referral_story_type=post&__tn__=!%3AD
Montreal,QC,2012,Honda,Civic,9000,192000,facebook.com/marketplace/item/204985415875944/?ref=search&referral_code=null&referral_story_type=post&__tn__=!%3AD
Montreal,QC,2012,Honda,Civic,9999,152000,facebook.com/marketplace/item/1448050822626046/?ref=search&referral_code=null&referral_story_type=post&__tn__=!%3AD
Laval,QC,2012,Honda,Civic,11250,153000,facebook.com/marketplace/item/3660144394217921/?ref=search&referral_code=null&referral_story_type=post&__tn__=!%3AD
Montreal,QC,2007,Honda,Civic,2500,174000,facebook.com/marketplace/item/818141603255597/?ref=search&referral_code=null&referral_story_type=post&__tn__=!%3AD
Montreal,QC,2007,Honda,Civic,4800,174000,facebook.com/marketplace/item/821073109589248/?ref=search&referral_code=null&referral_story_type=post&__tn__=!%3AD
Laval,QC,2010,Honda,Civic,5500,170000,facebook.com/marketplace/item/6649118958443466/?ref=search&referral_code=null&referral_story_type=post&__tn__=!%3AD
Laval,QC,2012,Honda,Civic,9000,144000,facebook.com/marketplace/item/251747374289078/?ref=search&referral_code=null&referral_story_type=post&__tn__=!%3AD
Salaberry-de-Valleyfield,QC,2009,Honda,Civic,7500,164000,facebook.com/marketplace/item/1014835059549418/?ref=search&referral_code=null&referral_story_type=post&__tn__=!%3AD
Dollard-des Ormeaux,QC,2005,Honda,Civic,2800,175000,facebook.com/marketplace/item/1504202543444832/?ref=search&referral_code=null&referral_story_type=post&__tn__=!%3AD
Montreal,QC,2014,Honda,Civic,10999,169000,facebook.com/marketplace/item/1627820934370098/?ref=search&referral_code=null&referral_story_type=post&__tn__=!%3AD
Brossard,QC,2008,Honda,Civic,7991,150000,facebook.com/marketplace/item/1038590747106496/?ref=search&referral_code=null&referral_story_type=post&__tn__=!%3AD
Mirabel,QC,2009,Honda,Civic,6995,136000,facebook.com/marketplace/item/1258771028176831/?ref=search&referral_code=null&referral_story_type=post&__tn__=!%3AD
Montreal,QC,2007,Honda,Civic,5200,200000,facebook.com/marketplace/item/1485333388963236/?ref=search&referral_code=null&referral_story_type=post&__tn__=!%3AD
Montreal,QC,2007,Honda,Civic,3999,166000,facebook.com/marketplace/item/820087409419122/?ref=search&referral_code=null&referral_story_type=post&__tn__=!%3AD
Montreal,QC,2013,Honda,Civic,13995,100000,facebook.com/marketplace/item/6327080054075099/?ref=search&referral_code=null&referral_story_type=post&__tn__=!%3AD
Montreal,QC,2013,Honda,Civic,10800,156000,facebook.com/marketplace/item/606679684785127/?ref=search&referral_code=null&referral_story_type=post&__tn__=!%3AD
Montreal,QC,2010,Honda,Civic,9000,117000,facebook.com/marketplace/item/249804691183528/?ref=search&referral_code=null&referral_story_type=post&__tn__=!%3AD
Salaberry-de-Valleyfield,QC,2009,Honda,Civic,7500,164000,facebook.com/marketplace/item/1317845058941159/?ref=search&referral_code=null&referral_story_type=post&__tn__=!%3AD
Joliette,QC,2017,Honda,Civic,21000,137000,facebook.com/marketplace/item/236418969336080/?ref=search&referral_code=null&referral_story_type=post&__tn__=!%3AD
Laval,QC,2005,Honda,Civic,4000,158000,facebook.com/marketplace/item/103305779517524/?ref=search&referral_code=null&referral_story_type=post&__tn__=!%3AD
Laval,QC,2017,Honda,Civic,24000,120000,facebook.com/marketplace/item/1730586354036982/?ref=search&referral_code=null&referral_story_type=post&__tn__=!%3AD
Montreal,QC,2018,Honda,Civic,22950,133000,facebook.com/marketplace/item/674735404680616/?ref=search&referral_code=null&referral_story_type=post&__tn__=!%3AD
Pincourt,QC,2015,Honda,Civic,16477,89000,facebook.com/marketplace/item/797296441946171/?ref=search&referral_code=null&referral_story_type=post&__tn__=!%3AD
Laval,QC,2014,Honda,Civic,14995,102000,facebook.com/marketplace/item/998757161470775/?ref=search&referral_code=null&referral_story_type=post&__tn__=!%3AD
Montreal,QC,2016,Honda,Civic,16995,98000,facebook.com/marketplace/item/630311032500239/?ref=search&referral_code=null&referral_story_type=post&__tn__=!%3AD
Montreal,QC,2008,Honda,Civic,7991,150000,facebook.com/marketplace/item/708158987789814/?ref=search&referral_code=null&referral_story_type=post&__tn__=!%3AD
Montreal,QC,2016,Honda,Civic,19950,148000,facebook.com/marketplace/item/744403890686555/?ref=search&referral_code=null&referral_story_type=post&__tn__=!%3AD
Montreal,QC,2016,Honda,Civic,18950,170000,facebook.com/marketplace/item/1034750194574651/?ref=search&referral_code=null&referral_story_type=post&__tn__=!%3AD
Chateauguay,QC,2015,Honda,Civic,15495,134000,facebook.com/marketplace/item/783053710224210/?ref=search&referral_code=null&referral_story_type=post&__tn__=!%3AD
Montreal,QC,2013,Honda,Civic,13995,100000,facebook.com/marketplace/item/823093749344308/?ref=search&referral_code=null&referral_story_type=post&__tn__=!%3AD
Montreal,QC,2015,Honda,Civic,18888,105000,facebook.com/marketplace/item/627109439518888/?ref=search&referral_code=null&referral_story_type=post&__tn__=!%3AD
Montreal,QC,2016,Honda,Civic,20950,155000,facebook.com/marketplace/item/809695117604124/?ref=search&referral_code=null&referral_story_type=post&__tn__=!%3AD
Montreal,QC,2015,Honda,Civic,13999,183000,facebook.com/marketplace/item/1427159338135570/?ref=search&referral_code=null&referral_story_type=post&__tn__=!%3AD
Montreal,QC,2018,Honda,Civic,21990,62000,facebook.com/marketplace/item/791984865806359/?ref=search&referral_code=null&referral_story_type=post&__tn__=!%3AD
St-Eustache,QC,2019,Honda,Civic,22449,69000,facebook.com/marketplace/item/594151052915273/?ref=search&referral_code=null&referral_story_type=post&__tn__=!%3AD
Montreal,QC,2010,Honda,Civic,7495,187000,facebook.com/marketplace/item/203117439396736/?ref=search&referral_code=null&referral_story_type=post&__tn__=!%3AD
Erin,ON,2008,Honda,Civic,6300,120000,facebook.com/marketplace/item/279775748029840/?ref=search&referral_code=null&referral_story_type=post&__tn__=!%3AD
Ottawa,ON,2018,Honda,Civic,22000,108000,facebook.com/marketplace/item/1580247582507296/?ref=search&referral_code=null&referral_story_type=post&__tn__=!%3AD
Markham,ON,2008,Honda,Civic,1500,133000,facebook.com/marketplace/item/249985777829752/?ref=search&referral_code=null&referral_story_type=post&__tn__=!%3AD
Drummondville,QC,2018,Honda,Civic,18888,50000,facebook.com/marketplace/item/645492284194570/?ref=search&referral_code=null&referral_story_type=post&__tn__=!%3AD
Ottawa,ON,2012,Honda,Civic,7400,190000,facebook.com/marketplace/item/218080527440365/?ref=search&referral_code=null&referral_story_type=post&__tn__=!%3AD
Ottawa,ON,2007,Honda,Civic,4300,168000,facebook.com/marketplace/item/615931307188939/?ref=search&referral_code=null&referral_story_type=post&__tn__=!%3AD
Ottawa,ON,2017,Honda,Civic,13000,141000,facebook.com/marketplace/item/289006876953882/?ref=search&referral_code=null&referral_story_type=post&__tn__=!%3AD
Gatineau,QC,2018,Honda,Civic,22200,108000,facebook.com/marketplace/item/1446796432632986/?ref=search&referral_code=null&referral_story_type=post&__tn__=!%3AD
Rouyn-Noranda,QC,2012,Honda,Civic,12995,79000,facebook.com/marketplace/item/1394206247978064/?ref=search&referral_code=null&referral_story_type=post&__tn__=!%3AD
Markham,ON,2004,Honda,Civic,5400,156000,facebook.com/marketplace/item/234607136152978/?ref=search&referral_code=null&referral_story_type=post&__tn__=!%3AD
Toronto,ON,2014,Honda,Civic,10950,168000,facebook.com/marketplace/item/297100906187852/?ref=search&referral_code=null&referral_story_type=post&__tn__=!%3AD
Toronto,ON,2015,Honda,Civic,11999,151000,facebook.com/marketplace/item/279354378116784/?ref=search&referral_code=null&referral_story_type=post&__tn__=!%3AD
Toronto,ON,2009,Honda,Civic,5700,168000,facebook.com/marketplace/item/223024820228299/?ref=search&referral_code=null&referral_story_type=post&__tn__=!%3AD
Brampton,ON,2016,Honda,Civic,15500,154000,facebook.com/marketplace/item/688268943123398/?ref=search&referral_code=null&referral_story_type=post&__tn__=!%3AD
Toronto,ON,2007,Honda,Civic,4000,182000,facebook.com/marketplace/item/994367688571773/?ref=search&referral_code=null&referral_story_type=post&__tn__=!%3AD
Toronto,ON,2017,Honda,Civic,15000,138000,facebook.com/marketplace/item/133419819761407/?ref=search&referral_code=null&referral_story_type=post&__tn__=!%3AD
Toronto,ON,2006,Honda,Civic,4500,100000,facebook.com/marketplace/item/639502464806329/?ref=search&referral_code=null&referral_story_type=post&__tn__=!%3AD
Oakville,ON,2005,Honda,Civic,3000,132000,facebook.com/marketplace/item/1019514312748625/?ref=search&referral_code=null&referral_story_type=post&__tn__=!%3AD
Brampton,ON,2008,Honda,Civic,4999,164000,facebook.com/marketplace/item/666346812026986/?ref=search&referral_code=null&referral_story_type=post&__tn__=!%3AD
Oshawa,ON,2018,Honda,Civic,16500,126000,facebook.com/marketplace/item/203096755754292/?ref=search&referral_code=null&referral_story_type=post&__tn__=!%3AD
Brampton,ON,2018,Honda,Civic,16600,108000,facebook.com/marketplace/item/809925500842322/?ref=search&referral_code=null&referral_story_type=post&__tn__=!%3AD
Hamilton,ON,2006,Honda,Civic,3000,200000,facebook.com/marketplace/item/600652688873265/?ref=search&referral_code=null&referral_story_type=post&__tn__=!%3AD
Mississauga,ON,2016,Honda,Civic,17800,81000,facebook.com/marketplace/item/303311312159082/?ref=search&referral_code=null&referral_story_type=post&__tn__=!%3AD
Cambridge,ON,2008,Honda,Civic,4500,195000,facebook.com/marketplace/item/1772158479904980/?ref=search&referral_code=null&referral_story_type=post&__tn__=!%3AD
Toronto,ON,2008,Honda,Civic,7000,154000,facebook.com/marketplace/item/667683755265396/?ref=search&referral_code=null&referral_story_type=post&__tn__=!%3AD
Toronto,ON,2017,Honda,Civic,20500,137000,facebook.com/marketplace/item/1434239970701941/?ref=search&referral_code=null&referral_story_type=post&__tn__=!%3AD
Mississauga,ON,2003,Honda,Civic,4000,178000,facebook.com/marketplace/item/255041507273591/?ref=search&referral_code=null&referral_story_type=post&__tn__=!%3AD
Toronto,ON,2006,Honda,Civic,3400,159000,facebook.com/marketplace/item/1444850326249630/?ref=search&referral_code=null&referral_story_type=post&__tn__=!%3AD
Markham,ON,2008,Honda,Civic,7500,133000,facebook.com/marketplace/item/2364039530445727/?ref=search&referral_code=null&referral_story_type=post&__tn__=!%3AD
Toronto,ON,2019,Honda,Civic,1111,59000,facebook.com/marketplace/item/1619817295174378/?ref=search&referral_code=null&referral_story_type=post&__tn__=!%3AD
Brampton,ON,2017,Honda,Civic,17999,132000,facebook.com/marketplace/item/1076972259937873/?ref=search&referral_code=null&referral_story_type=post&__tn__=!%3AD
Brampton,ON,2012,Honda,Civic,10500,125000,facebook.com/marketplace/item/644271564327872/?ref=search&referral_code=null&referral_story_type=post&__tn__=!%3AD
Toronto,ON,2017,Honda,Civic,24000,63000,facebook.com/marketplace/item/1230555857630930/?ref=search&referral_code=null&referral_story_type=post&__tn__=!%3AD
Brampton,ON,2015,Honda,Civic,14000,172000,facebook.com/marketplace/item/596505819272528/?ref=search&referral_code=null&referral_story_type=post&__tn__=!%3AD
Toronto,ON,2013,Honda,Civic,11950,161000,facebook.com/marketplace/item/522251166713513/?ref=search&referral_code=null&referral_story_type=post&__tn__=!%3AD
Toronto,ON,2017,Honda,Civic,20700,64000,facebook.com/marketplace/item/802248574872046/?ref=search&referral_code=null&referral_story_type=post&__tn__=!%3AD
Toronto,ON,2008,Honda,Civic,1500,133000,facebook.com/marketplace/item/681045450503475/?ref=search&referral_code=null&referral_story_type=post&__tn__=!%3AD
Ajax,ON,2016,Honda,Civic,14500,166000,facebook.com/marketplace/item/1488850118538588/?ref=search&referral_code=null&referral_story_type=post&__tn__=!%3AD
Brampton,ON,2018,Honda,Civic,18990,87000,facebook.com/marketplace/item/999088151537703/?ref=search&referral_code=null&referral_story_type=post&__tn__=!%3AD
Ajax,ON,2013,Honda,Civic,12299,169000,facebook.com/marketplace/item/997792311230315/?ref=search&referral_code=null&referral_story_type=post&__tn__=!%3AD
Mississauga,ON,2006,Honda,Civic,5995,175000,facebook.com/marketplace/item/3428199260843369/?ref=search&referral_code=null&referral_story_type=post&__tn__=!%3AD
Brampton,ON,2015,Honda,Civic,14800,170000,facebook.com/marketplace/item/525661213026941/?ref=search&referral_code=null&referral_story_type=post&__tn__=!%3AD
Ajax,ON,2008,Honda,Civic,4000,178000,facebook.com/marketplace/item/3422265348026999/?ref=search&referral_code=null&referral_story_type=post&__tn__=!%3AD
Mississauga,ON,2009,Honda,Civic,10000,123000,facebook.com/marketplace/item/1343868173232440/?ref=search&referral_code=null&referral_story_type=post&__tn__=!%3AD
Ajax,ON,2018,Honda,Civic,22000,125000,facebook.com/marketplace/item/575230527910500/?ref=search&referral_code=null&referral_story_type=post&__tn__=!%3AD
Caledon,ON,2006,Honda,Civic,5000,180000,facebook.com/marketplace/item/3683182642007677/?ref=search&referral_code=null&referral_story_type=post&__tn__=!%3AD
Toronto,ON,2012,Honda,Civic,10500,167000,facebook.com/marketplace/item/247208644789739/?ref=search&referral_code=null&referral_story_type=post&__tn__=!%3AD
Markham,ON,2019,Honda,Civic,26399,75000,facebook.com/marketplace/item/816676169968357/?ref=search&referral_code=null&referral_story_type=post&__tn__=!%3AD
Toronto,ON,2019,Honda,Civic,23999,62000,facebook.com/marketplace/item/828974695130329/?ref=search&referral_code=null&referral_story_type=post&__tn__=!%3AD
Toronto,ON,2008,Honda,Civic,4050,159000,facebook.com/marketplace/item/139886672466938/?ref=search&referral_code=null&referral_story_type=post&__tn__=!%3AD
Ajax,ON,2006,Honda,Civic,6700,190000,facebook.com/marketplace/item/208476185512794/?ref=search&referral_code=null&referral_story_type=post&__tn__=!%3AD
Brampton,ON,2020,Honda,Civic,23500,148000,facebook.com/marketplace/item/1208703596487520/?ref=search&referral_code=null&referral_story_type=post&__tn__=!%3AD
Vaughan,ON,2019,Honda,Civic,16999,83000,facebook.com/marketplace/item/730921862136403/?ref=search&referral_code=null&referral_story_type=post&__tn__=!%3AD
Brampton,ON,2011,Honda,Civic,7000,191000,facebook.com/marketplace/item/1473253586546660/?ref=search&referral_code=null&referral_story_type=post&__tn__=!%3AD
London,ON,2008,Honda,Civic,7300,181000,facebook.com/marketplace/item/1640613773110646/?ref=search&referral_code=null&referral_story_type=post&__tn__=!%3AD
Caledon,ON,2017,Honda,Civic,22900,87000,facebook.com/marketplace/item/190362750690041/?ref=search&referral_code=null&referral_story_type=post&__tn__=!%3AD
Markham,ON,2018,Honda,Civic,22699,159000,facebook.com/marketplace/item/289982070268416/?ref=search&referral_code=null&referral_story_type=post&__tn__=!%3AD
Brampton,ON,2006,Honda,Civic,6999,141000,facebook.com/marketplace/item/598242079158610/?ref=search&referral_code=null&referral_story_type=post&__tn__=!%3AD
Toronto,ON,2018,Honda,Civic,25000,200000,facebook.com/marketplace/item/997385041405225/?ref=search&referral_code=null&referral_story_type=post&__tn__=!%3AD
Brampton,ON,2013,Honda,Civic,16000,147000,facebook.com/marketplace/item/985997569312212/?ref=search&referral_code=null&referral_story_type=post&__tn__=!%3AD
Toronto,ON,2012,Honda,Civic,12000,154000,facebook.com/marketplace/item/128495403629198/?ref=search&referral_code=null&referral_story_type=post&__tn__=!%3AD
Niagara Falls,ON,2008,Honda,Civic,10750,129000,facebook.com/marketplace/item/1054209812651671/?ref=search&referral_code=null&referral_story_type=post&__tn__=!%3AD
Mississauga,ON,2014,Honda,Civic,14899,127000,facebook.com/marketplace/item/1002545014124606/?ref=search&referral_code=null&referral_story_type=post&__tn__=!%3AD
Kingston,ON,2005,Honda,Civic,7000,140000,facebook.com/marketplace/item/605563764895749/?ref=search&referral_code=null&referral_story_type=post&__tn__=!%3AD
Waterloo,ON,2017,Honda,Civic,17999,96000,facebook.com/marketplace/item/1290265451883654/?ref=search&referral_code=null&referral_story_type=post&__tn__=!%3AD
Mississauga,ON,2017,Honda,Civic,21000,90000,facebook.com/marketplace/item/1606184509868056/?ref=search&referral_code=null&referral_story_type=post&__tn__=!%3AD
Markham,ON,2019,Honda,Civic,25888,62000,facebook.com/marketplace/item/1335352464065191/?ref=search&referral_code=null&referral_story_type=post&__tn__=!%3AD
Toronto,ON,2015,Honda,Civic,15495,152000,facebook.com/marketplace/item/1992576154448464/?ref=search&referral_code=null&referral_story_type=post&__tn__=!%3AD
Timmins,ON,2016,Honda,Civic,18950,172000,facebook.com/marketplace/item/307419574984023/?ref=search&referral_code=null&referral_story_type=post&__tn__=!%3AD
Riviere-Heva,QC,2004,Honda,Civic,2500,179000,facebook.com/marketplace/item/123153100842208/?ref=search&referral_code=null&referral_story_type=post&__tn__=!%3AD
Rouyn-Noranda,QC,2013,Honda,Civic,13745,114000,facebook.com/marketplace/item/220110821006045/?ref=search&referral_code=null&referral_story_type=post&__tn__=!%3AD
Muskoka Lakes,ON,2018,Honda,Civic,23900,108000,facebook.com/marketplace/item/1327647977843545/?ref=search&referral_code=null&referral_story_type=post&__tn__=!%3AD
Timmins,ON,2016,Honda,Civic,19450,156000,facebook.com/marketplace/item/1278588286380222/?ref=search&referral_code=null&referral_story_type=post&__tn__=!%3AD
Springwater,ON,2018,Honda,Civic,21950,64000,facebook.com/marketplace/item/6545650728811475/?ref=search&referral_code=null&referral_story_type=post&__tn__=!%3AD
Mississauga,ON,2015,Honda,Civic,17500,96000,facebook.com/marketplace/item/191301997257536/?ref=search&referral_code=null&referral_story_type=post&__tn__=!%3AD
Toronto,ON,2017,Honda,Civic,16999,74000,facebook.com/marketplace/item/1007229193749715/?ref=search&referral_code=null&referral_story_type=post&__tn__=!%3AD
Brampton,ON,2018,Honda,Civic,23000,135000,facebook.com/marketplace/item/299910115886365/?ref=search&referral_code=null&referral_story_type=post&__tn__=!%3AD
Huntsville,ON,2018,Honda,Civic,21056,101000,facebook.com/marketplace/item/597872142532011/?ref=search&referral_code=null&referral_story_type=post&__tn__=!%3AD
Toronto,ON,2016,Honda,Civic,16500,158000,facebook.com/marketplace/item/1341327853394533/?ref=search&referral_code=null&referral_story_type=post&__tn__=!%3AD
Rouyn-Noranda,QC,2020,Honda,Civic,24495,69000,facebook.com/marketplace/item/249443431209077/?ref=search&referral_code=null&referral_story_type=post&__tn__=!%3AD
Brampton,ON,2009,Honda,Civic,9000,99000,facebook.com/marketplace/item/1293314161290158/?ref=search&referral_code=null&referral_story_type=post&__tn__=!%3AD
Waterloo,ON,2017,Honda,Civic,17550,96000,facebook.com/marketplace/item/306995368371013/?ref=search&referral_code=null&referral_story_type=post&__tn__=!%3AD
Markham,ON,2009,Honda,Civic,10000,118000,facebook.com/marketplace/item/9906446389428104/?ref=search&referral_code=null&referral_story_type=post&__tn__=!%3AD
Caledon,ON,2005,Honda,Civic,1200,123000,facebook.com/marketplace/item/2267984863392545/?ref=search&referral_code=null&referral_story_type=post&__tn__=!%3AD
Toronto,ON,2006,Honda,Civic,5900,115000,facebook.com/marketplace/item/740504911179561/?ref=search&referral_code=null&referral_story_type=post&__tn__=!%3AD
Clearview,ON,2017,Honda,Civic,20000,190000,facebook.com/marketplace/item/1230880227617600/?ref=search&referral_code=null&referral_story_type=post&__tn__=!%3AD
Thunder Bay,ON,2014,Honda,Civic,12299,123000,facebook.com/marketplace/item/679281640682675/?ref=search&referral_code=null&referral_story_type=post&__tn__=!%3AD
Dryden,ON,2016,Honda,Civic,16000,120000,facebook.com/marketplace/item/1005569893920269/?ref=search&referral_code=null&referral_story_type=post&__tn__=!%3AD
Thunder Bay,ON,2016,Honda,Civic,19950,148000,facebook.com/marketplace/item/861437312153068/?ref=search&referral_code=null&referral_story_type=post&__tn__=!%3AD
Winnipeg,MB,2018,Honda,Civic,17900,72000,facebook.com/marketplace/item/1353369511913818/?ref=search&referral_code=null&referral_story_type=post&__tn__=!%3AD
Winnipeg,MB,2019,Honda,Civic,25995,80000,facebook.com/marketplace/item/275089625119200/?ref=search&referral_code=null&referral_story_type=post&__tn__=!%3AD
Sault Ste Marie,ON,2016,Honda,Civic,19450,156000,facebook.com/marketplace/item/239802182281912/?ref=search&referral_code=null&referral_story_type=post&__tn__=!%3AD
Ritchot,MB,2012,Honda,Civic,13950,142000,facebook.com/marketplace/item/1093076115410379/?ref=search&referral_code=null&referral_story_type=post&__tn__=!%3AD
Sault Ste Marie,ON,2016,Honda,Civic,18950,172000,facebook.com/marketplace/item/1327875177937386/?ref=search&referral_code=null&referral_story_type=post&__tn__=!%3AD
Northeastern Manitoulin and Islands,ON,2018,Honda,Civic,22950,133000,facebook.com/marketplace/item/235747812714421/?ref=search&referral_code=null&referral_story_type=post&__tn__=!%3AD
Winnipeg,MB,2013,Honda,Civic,14500,135000,facebook.com/marketplace/item/487203736955906/?ref=search&referral_code=null&referral_story_type=post&__tn__=!%3AD
Winnipeg,MB,2012,Honda,Civic,13499,135000,facebook.com/marketplace/item/1247545145924053/?ref=search&referral_code=null&referral_story_type=post&__tn__=!%3AD
Winnipeg,MB,2012,Honda,Civic,14000,152000,facebook.com/marketplace/item/799838731586562/?ref=search&referral_code=null&referral_story_type=post&__tn__=!%3AD
Winnipeg,MB,2013,Honda,Civic,12800,170000,facebook.com/marketplace/item/1329842617609910/?ref=search&referral_code=null&referral_story_type=post&__tn__=!%3AD
Winnipeg,MB,2007,Honda,Civic,9923,103000,facebook.com/marketplace/item/244884568356542/?ref=search&referral_code=null&referral_story_type=post&__tn__=!%3AD
Winnipeg,MB,2006,Honda,Civic,9500,160000,facebook.com/marketplace/item/294328076385567/?ref=search&referral_code=null&referral_story_type=post&__tn__=!%3AD
Winnipeg,MB,2019,Honda,Civic,24995,79000,facebook.com/marketplace/item/1702860050176220/?ref=search&referral_code=null&referral_story_type=post&__tn__=!%3AD
Winnipeg,MB,2016,Honda,Civic,21990,114000,facebook.com/marketplace/item/1794536634276419/?ref=search&referral_code=null&referral_story_type=post&__tn__=!%3AD
Winnipeg,MB,2016,Honda,Civic,19900,131000,facebook.com/marketplace/item/952791782612570/?ref=search&referral_code=null&referral_story_type=post&__tn__=!%3AD
Winnipeg,MB,2016,Honda,Civic,21999,136000,facebook.com/marketplace/item/941129756951584/?ref=search&referral_code=null&referral_story_type=post&__tn__=!%3AD
Winnipeg,MB,2019,Honda,Civic,24500,60000,facebook.com/marketplace/item/660256489013600/?ref=search&referral_code=null&referral_story_type=post&__tn__=!%3AD
Winnipeg,MB,2019,Honda,Civic,25995,79000,facebook.com/marketplace/item/3135286416765726/?ref=search&referral_code=null&referral_story_type=post&__tn__=!%3AD
Winnipeg,MB,2013,Honda,Civic,13500,195000,facebook.com/marketplace/item/824641375641178/?ref=search&referral_code=null&referral_story_type=post&__tn__=!%3AD
Winnipeg,MB,2016,Honda,Civic,19999,139000,facebook.com/marketplace/item/682791780338102/?ref=search&referral_code=null&referral_story_type=post&__tn__=!%3AD
Winnipeg,MB,2012,Honda,Civic,13500,159000,facebook.com/marketplace/item/277955101588186/?ref=search&referral_code=null&referral_story_type=post&__tn__=!%3AD
Winnipeg,MB,2016,Honda,Civic,19900,151000,facebook.com/marketplace/item/1732881597171412/?ref=search&referral_code=null&referral_story_type=post&__tn__=!%3AD
Winnipeg,MB,2020,Honda,Civic,29695,55000,facebook.com/marketplace/item/1230403625023549/?ref=search&referral_code=null&referral_story_type=post&__tn__=!%3AD
Winnipeg,MB,2008,Honda,Civic,8700,195000,facebook.com/marketplace/item/955071752391203/?ref=search&referral_code=null&referral_story_type=post&__tn__=!%3AD
Springfield,MB,2013,Honda,Civic,13500,188000,facebook.com/marketplace/item/1271348956822008/?ref=search&referral_code=null&referral_story_type=post&__tn__=!%3AD
Winnipeg,MB,2019,Honda,Civic,25995,79000,facebook.com/marketplace/item/281418831140716/?ref=search&referral_code=null&referral_story_type=post&__tn__=!%3AD
Winnipeg,MB,2015,Honda,Civic,18995,105000,facebook.com/marketplace/item/1049959719324643/?ref=search&referral_code=null&referral_story_type=post&__tn__=!%3AD
Winnipeg,MB,2012,Honda,Civic,19500,77000,facebook.com/marketplace/item/1356509094901806/?ref=search&referral_code=null&referral_story_type=post&__tn__=!%3AD
Winnipeg,MB,2013,Honda,Civic,14700,163000,facebook.com/marketplace/item/599488948729673/?ref=search&referral_code=null&referral_story_type=post&__tn__=!%3AD
Winnipeg,MB,2018,Honda,Civic,27999,98000,facebook.com/marketplace/item/188739150631886/?ref=search&referral_code=null&referral_story_type=post&__tn__=!%3AD
Winnipeg,MB,2016,Honda,Civic,24698,65000,facebook.com/marketplace/item/298023856128821/?ref=search&referral_code=null&referral_story_type=post&__tn__=!%3AD
Winnipeg,MB,2018,Honda,Civic,26998,69000,facebook.com/marketplace/item/269635225758353/?ref=search&referral_code=null&referral_story_type=post&__tn__=!%3AD
Winnipeg,MB,2019,Honda,Civic,25995,80000,facebook.com/marketplace/item/239838132260779/?ref=search&referral_code=null&referral_story_type=post&__tn__=!%3AD
Winnipeg,MB,2016,Honda,Civic,25999,97000,facebook.com/marketplace/item/239627185619366/?ref=search&referral_code=null&referral_story_type=post&__tn__=!%3AD
Altona,MB,2013,Honda,Civic,2000,90000,facebook.com/marketplace/item/1372058253395427/?ref=search&referral_code=null&referral_story_type=post&__tn__=!%3AD
Brandon,MB,2018,Honda,Civic,25600,88000,facebook.com/marketplace/item/943903756871612/?ref=search&referral_code=null&referral_story_type=post&__tn__=!%3AD
Regina,SK,2015,Honda,Civic,17999,138000,facebook.com/marketplace/item/1681976618938221/?ref=search&referral_code=null&referral_story_type=post&__tn__=!%3AD
Regina,SK,2013,Honda,Civic,16500,170000,facebook.com/marketplace/item/755095842971111/?ref=search&referral_code=null&referral_story_type=post&__tn__=!%3AD
Saskatoon,SK,2012,Honda,Civic,15900,68000,facebook.com/marketplace/item/659187032813234/?ref=search&referral_code=null&referral_story_type=post&__tn__=!%3AD
Saskatoon,SK,2014,Honda,Civic,17998,130000,facebook.com/marketplace/item/595152012781581/?ref=search&referral_code=null&referral_story_type=post&__tn__=!%3AD
Regina,SK,2017,Honda,Civic,25000,85000,facebook.com/marketplace/item/811119320676080/?ref=search&referral_code=null&referral_story_type=post&__tn__=!%3AD
Saskatoon,SK,2013,Honda,Civic,11200,192000,facebook.com/marketplace/item/793207992500090/?ref=search&referral_code=null&referral_story_type=post&__tn__=!%3AD
Saskatoon,SK,2016,Honda,Civic,22500,146000,facebook.com/marketplace/item/613269937533215/?ref=search&referral_code=null&referral_story_type=post&__tn__=!%3AD
Saskatoon,SK,2015,Honda,Civic,19995,189000,facebook.com/marketplace/item/1323216748276622/?ref=search&referral_code=null&referral_story_type=post&__tn__=!%3AD
Saskatoon,SK,2016,Honda,Civic,25999,97000,facebook.com/marketplace/item/308556384973306/?ref=search&referral_code=null&referral_story_type=post&__tn__=!%3AD
Prince Albert,SK,2017,Honda,Civic,28500,90000,facebook.com/marketplace/item/252682157536511/?ref=search&referral_code=null&referral_story_type=post&__tn__=!%3AD
Saskatoon,SK,2014,Honda,Civic,17998,130000,facebook.com/marketplace/item/1215175155831332/?ref=search&referral_code=null&referral_story_type=post&__tn__=!%3AD
Saskatoon,SK,2014,Honda,Civic,15500,165000,facebook.com/marketplace/item/1217161072292147/?ref=search&referral_code=null&referral_story_type=post&__tn__=!%3AD
Calgary,AB,2012,Honda,Civic,1200,89000,facebook.com/marketplace/item/1403860303527396/?ref=search&referral_code=null&referral_story_type=post&__tn__=!%3AD
Calgary,AB,2009,Honda,Civic,9600,174000,facebook.com/marketplace/item/2615417638756785/?ref=search&referral_code=null&referral_story_type=post&__tn__=!%3AD
Calgary,AB,2015,Honda,Civic,16900,149000,facebook.com/marketplace/item/2495156463995714/?ref=search&referral_code=null&referral_story_type=post&__tn__=!%3AD
Calgary,AB,2019,Honda,Civic,18900,93000,facebook.com/marketplace/item/769256631641494/?ref=search&referral_code=null&referral_story_type=post&__tn__=!%3AD
Calgary,AB,2015,Honda,Civic,16500,185000,facebook.com/marketplace/item/1944215785964693/?ref=search&referral_code=null&referral_story_type=post&__tn__=!%3AD
Calgary,AB,2010,Honda,Civic,14300,55000,facebook.com/marketplace/item/233685852913980/?ref=search&referral_code=null&referral_story_type=post&__tn__=!%3AD
Calgary,AB,2014,Honda,Civic,16000,123000,facebook.com/marketplace/item/598164308878067/?ref=search&referral_code=null&referral_story_type=post&__tn__=!%3AD
Calgary,AB,2012,Honda,Civic,13000,120000,facebook.com/marketplace/item/2049888825408501/?ref=search&referral_code=null&referral_story_type=post&__tn__=!%3AD
Calgary,AB,2016,Honda,Civic,21300,104000,facebook.com/marketplace/item/804830197856909/?ref=search&referral_code=null&referral_story_type=post&__tn__=!%3AD
Calgary,AB,2009,Honda,Civic,9600,174000,facebook.com/marketplace/item/1261997914456515/?ref=search&referral_code=null&referral_story_type=post&__tn__=!%3AD
Calgary,AB,2016,Honda,Civic,18900,81000,facebook.com/marketplace/item/117465768059282/?ref=search&referral_code=null&referral_story_type=post&__tn__=!%3AD
Calgary,AB,2015,Honda,Civic,16900,72000,facebook.com/marketplace/item/1010018047020193/?ref=search&referral_code=null&referral_story_type=post&__tn__=!%3AD
Calgary,AB,2013,Honda,Civic,10000,200000,facebook.com/marketplace/item/240686872211461/?ref=search&referral_code=null&referral_story_type=post&__tn__=!%3AD
Calgary,AB,2006,Honda,Civic,8800,107000,facebook.com/marketplace/item/1198458277514308/?ref=search&referral_code=null&referral_story_type=post&__tn__=!%3AD
Calgary,AB,2006,Honda,Civic,7000,145000,facebook.com/marketplace/item/816614326485707/?ref=search&referral_code=null&referral_story_type=post&__tn__=!%3AD
Calgary,AB,2018,Honda,Civic,20800,60000,facebook.com/marketplace/item/1034029577484756/?ref=search&referral_code=null&referral_story_type=post&__tn__=!%3AD
Calgary,AB,2018,Honda,Civic,25000,62000,facebook.com/marketplace/item/739191491305589/?ref=search&referral_code=null&referral_story_type=post&__tn__=!%3AD
Chestermere,AB,2017,Honda,Civic,23000,68000,facebook.com/marketplace/item/934409611193610/?ref=search&referral_code=null&referral_story_type=post&__tn__=!%3AD
Calgary,AB,2013,Honda,Civic,12500,200000,facebook.com/marketplace/item/6271464252953720/?ref=search&referral_code=null&referral_story_type=post&__tn__=!%3AD
Calgary,AB,2013,Honda,Civic,16000,174000,facebook.com/marketplace/item/1012819539714821/?ref=search&referral_code=null&referral_story_type=post&__tn__=!%3AD
Calgary,AB,2015,Honda,Civic,20988,94000,facebook.com/marketplace/item/191976260517204/?ref=search&referral_code=null&referral_story_type=post&__tn__=!%3AD
Calgary,AB,2015,Honda,Civic,14850,175000,facebook.com/marketplace/item/1637666093378481/?ref=search&referral_code=null&referral_story_type=post&__tn__=!%3AD
Calgary,AB,2014,Honda,Civic,20990,60000,facebook.com/marketplace/item/1455355491885682/?ref=search&referral_code=null&referral_story_type=post&__tn__=!%3AD
Calgary,AB,2015,Honda,Civic,18995,143000,facebook.com/marketplace/item/803187927855525/?ref=search&referral_code=null&referral_story_type=post&__tn__=!%3AD
Edmonton,AB,2012,Honda,Civic,9800,198000,facebook.com/marketplace/item/952150029225263/?ref=search&referral_code=null&referral_story_type=post&__tn__=!%3AD
Red Deer,AB,2014,Honda,Civic,14900,165000,facebook.com/marketplace/item/829259158371056/?ref=search&referral_code=null&referral_story_type=post&__tn__=!%3AD
Red Deer County,AB,2011,Honda,Civic,11500,95000,facebook.com/marketplace/item/1453133112138164/?ref=search&referral_code=null&referral_story_type=post&__tn__=!%3AD
Beaumont,AB,2018,Honda,Civic,24500,134000,facebook.com/marketplace/item/9981336755239921/?ref=search&referral_code=null&referral_story_type=post&__tn__=!%3AD
Edmonton,AB,2016,Honda,Civic,21999,89000,facebook.com/marketplace/item/217981750783810/?ref=search&referral_code=null&referral_story_type=post&__tn__=!%3AD
Kelowna,BC,2017,Honda,Civic,21440,134000,facebook.com/marketplace/item/989300462118616/?ref=search&referral_code=null&referral_story_type=post&__tn__=!%3AD
Kelowna,BC,2017,Honda,Civic,20431,134000,facebook.com/marketplace/item/947472333026558/?ref=search&referral_code=null&referral_story_type=post&__tn__=!%3AD
Edmonton,AB,2014,Honda,Civic,16000,167000,facebook.com/marketplace/item/493198973011336/?ref=search&referral_code=null&referral_story_type=post&__tn__=!%3AD
Edmonton,AB,2012,Honda,Civic,12988,167000,facebook.com/marketplace/item/693255222631265/?ref=search&referral_code=null&referral_story_type=post&__tn__=!%3AD
Kelowna,BC,2017,Honda,Civic,21130,134000,facebook.com/marketplace/item/1034079054428649/?ref=search&referral_code=null&referral_story_type=post&__tn__=!%3AD
Kelowna,BC,2008,Honda,Civic,14900,127000,facebook.com/marketplace/item/1967405916979402/?ref=search&referral_code=null&referral_story_type=post&__tn__=!%3AD
Wetaskiwin County No 10,AB,2017,Honda,Civic,27765,98000,facebook.com/marketplace/item/590732709885193/?ref=search&referral_code=null&referral_story_type=post&__tn__=!%3AD
Surrey,BC,2006,Honda,Civic,4600,180000,facebook.com/marketplace/item/1218812825404196/?ref=search&referral_code=null&referral_story_type=post&__tn__=!%3AD
Surrey,BC,2001,Honda,Civic,4500,170000,facebook.com/marketplace/item/1328301151375967/?ref=search&referral_code=null&referral_story_type=post&__tn__=!%3AD
Abbotsford,BC,2001,Honda,Civic,2800,167000,facebook.com/marketplace/item/801747984978967/?ref=search&referral_code=null&referral_story_type=post&__tn__=!%3AD
Coquitlam,BC,2004,Honda,Civic,3250,192000,facebook.com/marketplace/item/825829312509724/?ref=search&referral_code=null&referral_story_type=post&__tn__=!%3AD
Surrey,BC,2017,Honda,Civic,15990,123000,facebook.com/marketplace/item/268073415834584/?ref=search&referral_code=null&referral_story_type=post&__tn__=!%3AD
New Westminster,BC,2019,Honda,Civic,17990,94000,facebook.com/marketplace/item/314699424241856/?ref=search&referral_code=null&referral_story_type=post&__tn__=!%3AD
Abbotsford,BC,2013,Honda,Civic,13000,180000,facebook.com/marketplace/item/326767016548964/?ref=search&referral_code=null&referral_story_type=post&__tn__=!%3AD
New Westminster,BC,2014,Honda,Civic,14990,93000,facebook.com/marketplace/item/941618010468070/?ref=search&referral_code=null&referral_story_type=post&__tn__=!%3AD
Surrey,BC,2007,Honda,Civic,5400,197000,facebook.com/marketplace/item/1445858179533981/?ref=search&referral_code=null&referral_story_type=post&__tn__=!%3AD
Burnaby,BC,2008,Honda,Civic,8900,160000,facebook.com/marketplace/item/183569854709623/?ref=search&referral_code=null&referral_story_type=post&__tn__=!%3AD
North Vancouver,BC,2017,Honda,Civic,16400,89000,facebook.com/marketplace/item/160524850327497/?ref=search&referral_code=null&referral_story_type=post&__tn__=!%3AD
Surrey,BC,2010,Honda,Civic,9500,133000,facebook.com/marketplace/item/241855405412647/?ref=search&referral_code=null&referral_story_type=post&__tn__=!%3AD
Surrey,BC,2007,Honda,Civic,6199,103000,facebook.com/marketplace/item/638612878214273/?ref=search&referral_code=null&referral_story_type=post&__tn__=!%3AD
Surrey,BC,2012,Honda,Civic,12999,132000,facebook.com/marketplace/item/966371284621569/?ref=search&referral_code=null&referral_story_type=post&__tn__=!%3AD
Surrey,BC,2008,Honda,Civic,8500,71000,facebook.com/marketplace/item/6524267290990559/?ref=search&referral_code=null&referral_story_type=post&__tn__=!%3AD
Port Moody,BC,2010,Honda,Civic,9999,162000,facebook.com/marketplace/item/827739028671058/?ref=search&referral_code=null&referral_story_type=post&__tn__=!%3AD
Langley,BC,2017,Honda,Civic,19488,123000,facebook.com/marketplace/item/237042629278994/?ref=search&referral_code=null&referral_story_type=post&__tn__=!%3AD
Abbotsford,BC,2014,Honda,Civic,14999,173000,facebook.com/marketplace/item/963777311571406/?ref=search&referral_code=null&referral_story_type=post&__tn__=!%3AD
Vancouver,BC,2009,Honda,Civic,12800,121000,facebook.com/marketplace/item/1301381337133464/?ref=search&referral_code=null&referral_story_type=post&__tn__=!%3AD
Burnaby,BC,2017,Honda,Civic,20888,82000,facebook.com/marketplace/item/1004187940597682/?ref=search&referral_code=null&referral_story_type=post&__tn__=!%3AD
Surrey,BC,2013,Honda,Civic,11800,179000,facebook.com/marketplace/item/254296150709003/?ref=search&referral_code=null&referral_story_type=post&__tn__=!%3AD
Coquitlam,BC,2010,Honda,Civic,9999,162000,facebook.com/marketplace/item/927221235044913/?ref=search&referral_code=null&referral_story_type=post&__tn__=!%3AD
Surrey,BC,2013,Honda,Civic,12500,169000,facebook.com/marketplace/item/297187322669397/?ref=search&referral_code=null&referral_story_type=post&__tn__=!%3AD
New Westminster,BC,2020,Honda,Civic,23998,113000,facebook.com/marketplace/item/304130882010525/?ref=search&referral_code=null&referral_story_type=post&__tn__=!%3AD
Surrey,BC,2013,Honda,Civic,14700,160000,facebook.com/marketplace/item/961916231736532/?ref=search&referral_code=null&referral_story_type=post&__tn__=!%3AD
Vancouver,BC,2008,Honda,Civic,1500,85000,facebook.com/marketplace/item/1077611413646339/?ref=search&referral_code=null&referral_story_type=post&__tn__=!%3AD
Vancouver,BC,2012,Honda,Civic,14995,102000,facebook.com/marketplace/item/3265530310388737/?ref=search&referral_code=null&referral_story_type=post&__tn__=!%3AD
Surrey,BC,2007,Honda,Civic,7750,130000,facebook.com/marketplace/item/6160161327443013/?ref=search&referral_code=null&referral_story_type=post&__tn__=!%3AD
Surrey,BC,2006,Honda,Civic,7300,153000,facebook.com/marketplace/item/306080995191849/?ref=search&referral_code=null&referral_story_type=post&__tn__=!%3AD
New Westminster,BC,2019,Honda,Civic,23998,113000,facebook.com/marketplace/item/6449651125150968/?ref=search&referral_code=null&referral_story_type=post&__tn__=!%3AD
Surrey,BC,2011,Honda,Civic,9599,116000,facebook.com/marketplace/item/216620720905983/?ref=search&referral_code=null&referral_story_type=post&__tn__=!%3AD
Burnaby,BC,2009,Honda,Civic,7999,179000,facebook.com/marketplace/item/1005435820641334/?ref=search&referral_code=null&referral_story_type=post&__tn__=!%3AD
North Vancouver,BC,2016,Honda,Civic,22555,96000,facebook.com/marketplace/item/974175013828269/?ref=search&referral_code=null&referral_story_type=post&__tn__=!%3AD
Surrey,BC,2016,Honda,Civic,18995,150000,facebook.com/marketplace/item/6350497115064475/?ref=search&referral_code=null&referral_story_type=post&__tn__=!%3AD
Surrey,BC,2006,Honda,Civic,6550,192000,facebook.com/marketplace/item/330950592595833/?ref=search&referral_code=null&referral_story_type=post&__tn__=!%3AD
Vancouver,BC,2016,Honda,Civic,22900,109000,facebook.com/marketplace/item/655682556460307/?ref=search&referral_code=null&referral_story_type=post&__tn__=!%3AD
Surrey,BC,2018,Honda,Civic,23000,86000,facebook.com/marketplace/item/983292689580921/?ref=search&referral_code=null&referral_story_type=post&__tn__=!%3AD
Vancouver,BC,2012,Honda,Civic,14995,102000,facebook.com/marketplace/item/1479144756230564/?ref=search&referral_code=null&referral_story_type=post&__tn__=!%3AD
Delta,BC,2013,Honda,Civic,11299,157000,facebook.com/marketplace/item/971312854188617/?ref=search&referral_code=null&referral_story_type=post&__tn__=!%3AD
Surrey,BC,2008,Honda,Civic,7897,195000,facebook.com/marketplace/item/742328474315905/?ref=search&referral_code=null&referral_story_type=post&__tn__=!%3AD
Burnaby,BC,2019,Honda,Civic,24495,73000,facebook.com/marketplace/item/1334510557421081/?ref=search&referral_code=null&referral_story_type=post&__tn__=!%3AD
Langley,BC,2008,Honda,Civic,10950,117000,facebook.com/marketplace/item/1010153810160427/?ref=search&referral_code=null&referral_story_type=post&__tn__=!%3AD
Surrey,BC,2013,Honda,Civic,10500,200000,facebook.com/marketplace/item/979804453148598/?ref=search&referral_code=null&referral_story_type=post&__tn__=!%3AD
Mission,BC,2009,Honda,Civic,10500,156000,facebook.com/marketplace/item/230931126516528/?ref=search&referral_code=null&referral_story_type=post&__tn__=!%3AD
Burnaby,BC,2014,Honda,Civic,17998,92000,facebook.com/marketplace/item/302065328860829/?ref=search&referral_code=null&referral_story_type=post&__tn__=!%3AD
Vancouver,BC,2013,Honda,Civic,16296,104000,facebook.com/marketplace/item/1001737904199382/?ref=search&referral_code=null&referral_story_type=post&__tn__=!%3AD
Richmond,BC,2012,Honda,Civic,15499,114000,facebook.com/marketplace/item/248646184615913/?ref=search&referral_code=null&referral_story_type=post&__tn__=!%3AD
New Westminster,BC,2017,Honda,Civic,21990,87000,facebook.com/marketplace/item/665570968418317/?ref=search&referral_code=null&referral_story_type=post&__tn__=!%3AD
Vancouver,BC,2013,Honda,Civic,16949,97000,facebook.com/marketplace/item/6132157510243730/?ref=search&referral_code=null&referral_story_type=post&__tn__=!%3AD
Burnaby,BC,2011,Honda,Civic,10900,116000,facebook.com/marketplace/item/2017686975236439/?ref=search&referral_code=null&referral_story_type=post&__tn__=!%3AD
New Westminster,BC,2020,Honda,Civic,21999,112000,facebook.com/marketplace/item/232300509759165/?ref=search&referral_code=null&referral_story_type=post&__tn__=!%3AD
Surrey,BC,2019,Honda,Civic,26000,120000,facebook.com/marketplace/item/233891539551624/?ref=search&referral_code=null&referral_story_type=post&__tn__=!%3AD
Chilliwack,BC,2012,Honda,Civic,9999,200000,facebook.com/marketplace/item/829425095559558/?ref=search&referral_code=null&referral_story_type=post&__tn__=!%3AD
New Westminster,BC,2012,Honda,Civic,10999,149000,facebook.com/marketplace/item/2020016208352351/?ref=search&referral_code=null&referral_story_type=post&__tn__=!%3AD
Surrey,BC,2008,Honda,Civic,5750,200000,facebook.com/marketplace/item/1002588564419874/?ref=search&referral_code=null&referral_story_type=post&__tn__=!%3AD
Surrey,BC,2006,Honda,Civic,5990,90000,facebook.com/marketplace/item/603452321777998/?ref=search&referral_code=null&referral_story_type=post&__tn__=!%3AD
Surrey,BC,2003,Honda,Civic,6000,176000,facebook.com/marketplace/item/625081273059431/?ref=search&referral_code=null&referral_story_type=post&__tn__=!%3AD
Vancouver,BC,2001,Honda,Civic,4900,160000,facebook.com/marketplace/item/1442415369666124/?ref=search&referral_code=null&referral_story_type=post&__tn__=!%3AD
Surrey,BC,2015,Honda,Civic,16000,168000,facebook.com/marketplace/item/775421881032078/?ref=search&referral_code=null&referral_story_type=post&__tn__=!%3AD
Surrey,BC,2017,Honda,Civic,18990,123000,facebook.com/marketplace/item/157878397316785/?ref=search&referral_code=null&referral_story_type=post&__tn__=!%3AD
Abbotsford,BC,2016,Honda,Civic,21500,100000,facebook.com/marketplace/item/311772281357989/?ref=search&referral_code=null&referral_story_type=post&__tn__=!%3AD
Surrey,BC,2012,Honda,Civic,10700,188000,facebook.com/marketplace/item/299649572727629/?ref=search&referral_code=null&referral_story_type=post&__tn__=!%3AD
New Westminster,BC,2017,Honda,Civic,21990,87000,facebook.com/marketplace/item/978798919984734/?ref=search&referral_code=null&referral_story_type=post&__tn__=!%3AD
Richmond,BC,2018,Honda,Civic,24999,78000,facebook.com/marketplace/item/812592257161758/?ref=search&referral_code=null&referral_story_type=post&__tn__=!%3AD
Abbotsford,BC,2017,Honda,Civic,24728,141000,facebook.com/marketplace/item/983869959543643/?ref=search&referral_code=null&referral_story_type=post&__tn__=!%3AD
New Westminster,BC,2014,Honda,Civic,14990,93000,facebook.com/marketplace/item/1341979536698275/?ref=search&referral_code=null&referral_story_type=post&__tn__=!%3AD
Coquitlam,BC,2016,Honda,Civic,22978,108000,facebook.com/marketplace/item/973377190530597/?ref=search&referral_code=null&referral_story_type=post&__tn__=!%3AD
